Gene,Normal_to_Damaged,Normal_to_Poorly_diff,Normal_to_Well_diff,Damaged_to_Poorly_diff,Damaged_to_Well_diff,Poor_to_well_diff
A1BG-AS1,0,1,0,0,0,0
A2M-AS1,0,0,0,0,0,0
AADACL2-AS1,1,1,1,1,1,1
AATBC,0,1,1,1,1,0
AC000068.5,0,0,0,0,0,0
AC000120.7,0,0,0,0,0,0
AC002117.1,1,1,1,0,0,0
AC002310.12,0,0,0,0,0,0
AC002467.7,0,1,1,0,0,0
AC003075.4,0,0,0,0,0,0
AC003090.1,0,0,1,0,0,0
AC003104.1,1,0,0,0,0,0
AC004540.5,0,0,1,0,0,0
AC004951.6,0,0,0,0,0,0
AC005082.12,0,0,0,0,0,0
AC005083.1,0,1,1,0,0,0
AC005152.3,0,0,1,0,0,0
AC005154.6,0,0,1,0,0,0
AC005262.2,1,0,1,0,0,0
AC005262.3,1,0,1,0,0,0
AC005537.2,0,0,0,0,0,0
AC005682.5,0,1,1,0,1,0
AC006129.2,0,0,0,0,0,0
AC006262.4,1,1,1,1,1,1
AC006262.5,0,0,0,0,0,0
AC006262.6,0,0,1,0,0,0
AC006946.16,0,0,1,0,0,0
AC007038.7,1,1,1,0,0,0
AC007182.6,1,1,1,1,1,1
AC007246.3,0,1,1,0,0,0
AC007292.3,0,1,1,0,0,0
AC007319.1,0,1,1,0,1,0
AC007383.3,0,0,0,0,0,0
AC007566.10,1,0,0,0,0,0
AC007743.1,0,1,1,1,1,0
AC007879.7,1,1,1,0,0,0
AC008074.4,1,1,1,1,1,1
AC008592.8,0,1,1,0,1,0
AC008982.2,0,0,0,0,0,0
AC009120.6,0,0,0,0,0,0
AC009133.12,0,1,1,0,1,0
AC009299.3,0,0,0,0,0,0
AC009403.2,0,0,1,0,0,0
AC009404.2,0,0,0,0,0,0
AC009501.4,0,1,1,0,1,0
AC009506.1,0,0,0,0,0,0
AC009948.5,0,1,1,1,0,0
AC009961.3,0,0,0,0,0,0
AC010642.1,0,0,0,0,0,0
AC011288.2,0,0,0,0,0,0
AC011738.4,0,1,1,0,0,0
AC012146.7,0,0,0,0,0,0
AC012358.8,0,0,0,0,0,0
AC012363.4,1,0,1,0,0,0
AC012531.25,0,0,0,0,0,0
AC016735.2,0,1,1,0,1,0
AC016747.3,1,1,1,0,0,0
AC018816.3,0,0,0,0,0,0
AC018890.6,0,0,0,0,0,0
AC020571.3,0,0,0,0,0,0
AC025171.1,0,0,0,0,0,0
AC034220.3,0,0,0,0,0,0
AC046143.3,0,1,1,0,0,0
AC062029.1,0,1,0,0,0,0
AC068282.3,0,0,0,0,0,0
AC072062.1,0,0,1,0,0,0
AC073046.25,0,0,0,0,0,0
AC074117.10,0,1,1,0,0,0
AC074286.1,0,1,1,0,0,0
AC074289.1,0,0,0,0,0,0
AC083843.1,1,0,1,0,0,0
AC084082.3,0,0,0,0,0,0
AC087294.2,0,0,0,0,0,0
AC090587.4,0,0,0,0,0,0
AC090616.2,0,0,1,0,1,0
AC091133.1,0,0,0,0,0,0
AC091729.9,1,1,1,0,0,0
AC092168.2,0,0,0,0,0,0
AC092535.3,0,0,1,0,0,0
AC092580.4,0,0,0,0,0,0
AC093375.1,0,0,1,0,0,0
AC093609.1,0,1,1,1,1,0
AC093627.10,0,0,0,0,0,0
AC093642.3,0,0,1,0,0,0
AC093673.5,0,1,1,0,1,0
AC093818.1,0,1,1,0,0,0
AC096579.15,0,0,0,0,0,0
AC097721.2,0,0,0,0,0,0
AC105760.2,0,0,0,0,0,0
AC108142.1,0,1,1,0,1,0
AC108488.4,0,0,0,0,0,0
AC108676.1,0,0,0,0,0,0
AC109642.1,0,0,1,0,0,0
AC113189.5,0,0,0,0,0,0
AC115522.3,0,0,0,0,0,0
AC127904.2,0,0,0,0,0,0
AC133785.1,1,1,1,0,0,0
AC141928.1,0,0,0,0,1,0
AC144652.1,0,0,1,0,1,0
AC144831.1,0,1,0,0,0,0
AC159540.1,0,0,0,0,0,0
ACTA2-AS1,0,0,0,0,0,0
ADAMTS9-AS2,1,1,1,1,0,0
ADAMTSL4-AS1,0,0,0,0,0,0
ADIRF-AS1,0,0,0,0,0,0
ADORA2A-AS1,0,0,1,0,1,0
AF001548.5,0,0,0,0,0,0
AF064858.8,0,0,0,0,0,0
AF127936.9,0,1,1,1,1,0
AF131215.2,0,0,0,0,0,0
AF131215.3,0,0,0,0,0,0
AF131215.4,0,0,0,0,0,0
AF131215.9,0,0,0,0,0,0
AF131217.1,0,0,0,0,0,0
AFAP1-AS1,0,0,1,0,0,0
AGAP2-AS1,0,1,1,0,0,0
AL163953.3,0,0,0,0,0,0
AL450992.2,0,0,0,0,0,0
ALMS1-IT1,0,0,0,0,0,0
ALOX12-AS1,0,0,0,0,0,0
ANKRD10-IT1,0,0,0,0,0,0
ANKRD44-IT1,0,0,0,0,0,0
AP000350.5,0,0,0,0,0,0
AP000662.4,0,0,0,0,0,0
AP000695.4,0,1,1,0,0,0
AP000695.6,0,1,1,0,0,0
AP001062.7,0,0,0,0,0,0
AP001258.4,0,0,0,0,0,0
AP001372.2,0,0,0,0,0,0
AP001429.1,1,0,1,0,0,0
AP001626.1,0,0,0,0,0,0
AP002954.3,0,0,0,0,0,0
AP003068.23,1,1,1,0,0,0
AP006621.5,0,0,1,0,1,0
APCDD1L-AS1,0,0,0,0,0,0
APTR,0,0,0,0,0,0
ARHGAP11B,0,1,1,1,0,0
ARHGAP5-AS1,0,0,1,0,0,0
ARIH2OS,0,0,0,0,0,0
ARMCX5-GPRASP2,0,0,0,0,0,0
ARRDC1-AS1,0,1,0,0,0,0
ASB16-AS1,0,0,0,0,0,0
ASH1L-AS1,0,1,1,0,0,0
ASMTL-AS1,0,0,0,0,0,0
ATP1A1-AS1,0,0,1,0,0,0
ATP2A1-AS1,1,1,1,1,0,1
ATP6V0E2-AS1,0,0,0,0,0,0
AZIN1-AS1,0,0,1,0,0,0
B4GALT1-AS1,0,0,0,0,0,0
BAALC-AS1,0,1,0,0,0,0
BACH1-IT1,0,0,0,0,1,0
BACH1-IT2,0,0,0,0,0,0
BAIAP2-AS1,0,0,0,0,0,0
BBOX1-AS1,0,0,0,0,0,0
BDNF-AS,1,1,1,0,1,0
BHLHE40-AS1,0,0,0,0,0,0
BOLA3-AS1,0,0,1,0,0,0
C10orf25,0,1,0,0,0,0
C10orf55,1,1,1,0,0,0
C17orf51,0,0,1,0,0,0
C1orf132,1,1,1,0,0,0
C1orf145,0,0,0,0,0,0
C1orf204,0,0,0,0,0,0
C1QTNF9B-AS1,0,1,1,1,1,0
C1RL-AS1,0,1,1,1,1,0
C20orf197,0,0,0,0,0,0
C21orf62-AS1,1,1,1,0,0,0
C22orf34,0,0,0,0,0,0
C3orf35,0,1,1,0,0,0
C5orf38,0,0,0,0,0,0
C5orf56,0,0,0,0,0,0
C5orf66,0,1,1,0,0,0
C6orf223,1,1,1,0,0,0
C6orf48,0,0,0,0,0,0
CADM3-AS1,1,1,1,1,1,1
CALML3-AS1,0,0,0,0,0,0
CAPN10-AS1,0,0,0,0,0,0
CARD8-AS1,0,1,1,0,0,0
CARMN,0,0,0,0,0,0
CASC10,0,0,0,0,0,0
CASC15,0,0,1,0,0,0
CASC2,0,0,0,0,0,0
CASC8,0,0,0,0,0,0
CBR3-AS1,0,1,0,0,0,0
CCDC18-AS1,1,0,1,0,0,0
CCDC183-AS1,0,0,1,0,0,0
CCDC39,1,1,1,0,0,0
CCNT2-AS1,0,0,0,0,0,0
CD27-AS1,0,0,1,0,0,0
CDKN2B-AS1,0,1,1,1,0,0
CFAP58-AS1,1,0,1,0,0,0
CKMT2-AS1,0,0,0,0,0,0
COLCA1,0,0,0,0,0,0
COX10-AS1,0,0,0,0,0,0
CPB2-AS1,1,1,1,1,1,1
CRNDE,1,0,1,0,0,0
CTA-204B4.2,0,0,0,0,0,0
CTA-217C2.2,0,0,0,0,0,0
CTA-292E10.6,0,0,0,0,0,0
CTA-293F17.1,0,0,0,0,0,0
CTA-29F11.1,0,0,0,0,0,0
CTA-384D8.35,1,1,1,0,0,0
CTA-384D8.36,0,1,0,0,0,0
CTA-390C10.10,0,0,0,0,0,0
CTA-392E5.1,0,0,1,0,0,0
CTA-445C9.14,0,0,0,0,0,0
CTB-113D17.1,0,0,1,0,1,0
CTB-113P19.4,0,0,0,0,0,0
CTB-131B5.5,0,0,1,0,0,0
CTB-152G17.6,0,0,0,0,0,0
CTB-158D10.3,0,0,1,0,1,0
CTB-181H17.1,0,0,0,0,0,0
CTB-25B13.12,0,0,0,0,0,0
CTB-31N19.3,0,0,0,0,0,0
CTB-31O20.2,0,0,0,0,0,0
CTB-36H16.2,1,1,1,0,0,0
CTB-55O6.12,0,0,0,0,0,0
CTB-89H12.4,0,0,0,0,0,0
CTB-92J24.2,0,0,1,0,0,0
CTB-92J24.3,1,1,1,1,1,1
CTBP1-AS2,0,1,1,0,0,0
CTC-236F12.4,0,1,1,1,0,0
CTC-281F24.1,0,0,0,0,0,0
CTC-321K16.1,0,1,1,0,0,0
CTC-338M12.4,0,0,0,0,0,0
CTC-429P9.3,0,0,0,0,0,0
CTC-429P9.5,0,0,0,0,0,0
CTC-444N24.11,0,0,0,0,1,0
CTC-444N24.8,0,0,0,0,0,0
CTC-459F4.1,0,0,0,0,0,0
CTC-459F4.3,1,0,1,0,0,0
CTC-490G23.2,1,1,1,1,1,1
CTC-497E21.3,0,0,0,0,0,0
CTC-529P8.1,0,0,1,0,0,0
CTC-559E9.1,0,0,1,0,0,0
CTC-559E9.5,0,1,0,0,0,0
CTD-2006C1.2,0,0,0,0,0,0
CTD-2008P7.9,1,1,1,1,1,1
CTD-2015H6.3,0,1,0,0,0,0
CTD-2017D11.1,0,1,1,1,1,0
CTD-2020K17.1,0,0,1,0,0,0
CTD-2026K11.6,0,0,1,0,0,0
CTD-2047H16.4,0,1,1,0,0,0
CTD-2066L21.3,0,0,1,0,0,0
CTD-2165H16.4,0,0,0,0,0,0
CTD-2186M15.3,0,0,0,0,0,0
CTD-2196E14.9,0,0,1,0,0,0
CTD-2201E18.3,1,1,1,0,0,0
CTD-2228K2.7,0,0,0,0,0,0
CTD-2256P15.2,0,1,1,0,0,0
CTD-2260A17.1,1,0,0,0,0,0
CTD-2260A17.2,0,0,0,0,0,0
CTD-2267D19.3,0,0,0,0,0,0
CTD-2269F5.1,0,0,1,0,0,0
CTD-2270P14.1,0,1,1,0,0,0
CTD-2287O16.5,0,0,0,0,0,0
CTD-2292M16.8,1,1,1,0,0,0
CTD-2303H24.2,0,0,1,0,0,0
CTD-2308L22.1,0,0,0,0,0,0
CTD-2336O2.1,0,0,0,0,0,0
CTD-2337A12.1,0,0,0,0,0,0
CTD-2341M24.1,0,0,1,0,0,0
CTD-2357A8.3,0,1,1,0,0,0
CTD-2366F13.1,0,1,0,0,0,0
CTD-2368P22.1,0,0,1,0,0,0
CTD-2516F10.2,1,1,1,0,0,0
CTD-2528L19.6,1,1,1,0,0,0
CTD-2530H12.2,0,1,1,1,1,0
CTD-2538C1.2,0,0,1,0,1,0
CTD-2540B15.7,0,0,0,1,1,0
CTD-2542L18.1,0,0,0,0,0,0
CTD-2555C10.3,1,0,1,0,0,0
CTD-2555O16.2,0,0,0,0,0,0
CTD-2555O16.4,0,1,1,0,0,0
CTD-2574D22.2,0,0,0,0,0,0
CTD-2587H24.5,0,0,1,0,0,0
CTD-2587M2.1,0,0,0,0,0,0
CTD-2589H19.6,0,0,0,0,0,0
CTD-2600O9.1,0,0,0,0,0,0
CTD-2619J13.13,1,1,1,1,1,1
CTD-2619J13.14,0,0,0,0,0,0
CTD-2619J13.17,0,1,1,0,0,0
CTD-2619J13.19,0,0,0,0,0,0
CTD-2622I13.3,0,0,0,0,0,0
CTD-2626G11.2,0,1,1,0,1,0
CTD-2647L4.4,1,1,1,0,0,0
CTD-2651B20.6,1,1,1,1,1,1
CTD-2651B20.7,0,0,0,1,0,0
CTD-3074O7.5,1,0,0,0,1,0
CTD-3092A11.2,0,0,0,0,0,0
CTD-3138B18.5,0,0,0,0,0,0
CTD-3184A7.4,0,1,0,0,0,0
CTD-3193O13.12,0,0,0,0,0,0
CTD-3220F14.2,0,1,0,0,0,0
CTD-3247F14.2,1,1,1,1,1,1
CYB561D2,0,0,1,0,1,0
CYP1B1-AS1,0,1,1,0,1,0
CYP4F26P,0,0,1,0,0,0
DANCR,1,1,0,0,0,0
DANT2,0,1,1,1,1,0
DARS-AS1,0,0,1,0,0,0
DGCR11,0,0,1,0,0,0
DGUOK-AS1,0,0,1,0,0,0
DHRS4-AS1,0,0,0,0,0,0
DICER1-AS1,0,0,0,0,0,0
DIO3OS,1,1,1,0,0,0
DIRC3,0,0,0,0,0,0
DLEU1,0,1,0,0,0,0
DLEU2,0,1,0,1,1,0
DLGAP1-AS1,0,1,1,0,0,0
DLGAP1-AS2,0,1,1,0,1,0
DLX6-AS1,0,0,0,0,0,0
DNAH10OS,0,0,0,0,0,0
DNAJC27-AS1,0,1,1,0,1,0
DNAJC3-AS1,0,0,0,0,0,0
DNAJC9-AS1,0,0,0,0,0,0
DNM3OS,1,1,0,0,0,0
DOCK9-AS2,0,0,0,0,0,0
DSG1-AS1,1,0,1,0,0,0
DUBR,0,0,0,0,0,0
DUXAP8,0,1,0,0,0,0
EIF3J-AS1,0,0,0,0,0,0
EML2-AS1,0,1,1,0,0,0
EMX2OS,1,1,1,1,0,0
ENTPD1-AS1,0,0,0,0,0,0
ENTPD3-AS1,0,0,1,0,0,0
EPB41L4A-AS1,0,0,1,0,0,0
EPHA1-AS1,0,0,0,0,0,0
EXOC3-AS1,0,0,1,0,0,0
FAM13A-AS1,0,0,1,0,0,0
FAM157C,0,0,1,0,0,0
FAM182A,0,0,1,0,1,0
FAM182B,0,0,0,0,0,0
FAM201A,0,0,1,0,0,0
FAM30A,0,0,0,0,0,0
FAM66B,0,1,1,0,0,0
FAM66C,1,1,1,0,0,0
FAM66D,1,0,1,0,0,0
FBXL19-AS1,1,1,1,0,0,0
FGD5-AS1,0,0,0,0,0,0
FGF14-AS2,0,0,1,0,1,0
FIRRE,0,1,1,0,0,0
FLG-AS1,1,1,1,1,1,1
FLJ20021,0,0,0,0,0,0
FLJ22447,1,0,1,0,0,0
FLJ37035,0,1,1,0,1,0
FLJ37453,0,0,0,0,0,0
FLJ42969,1,1,1,1,1,1
FLVCR1-AS1,0,0,0,0,0,0
FOXD2-AS1,0,0,0,0,0,0
FOXN3-AS1,1,0,1,0,0,0
FOXP1-IT1,1,0,0,0,0,0
FTX,1,0,0,0,0,0
FZD10-AS1,0,0,0,0,0,0
GABPB1-AS1,0,0,0,0,0,0
GAS1RR,1,1,1,0,1,0
GAS5,0,0,0,0,0,0
GAS6-AS2,0,0,0,0,0,0
GATA2-AS1,0,0,1,0,0,0
GHRLOS,0,0,0,0,0,0
GMDS-AS1,0,0,0,0,0,0
GNG12-AS1,0,1,1,0,0,0
GS1-114I9.1,0,0,0,0,0,0
GS1-115G20.1,0,1,1,0,0,0
GS1-124K5.4,0,0,0,0,0,0
GS1-393G12.12,0,0,0,0,0,0
GS1-600G8.5,0,1,1,0,0,0
H19,0,0,0,0,0,0
H1FX-AS1,0,0,0,0,0,0
HAGLR,0,1,0,0,0,0
HAGLROS,1,1,1,0,0,0
HAND2-AS1,0,0,1,0,0,0
HCG11,0,0,0,0,0,0
HCG18,0,1,0,0,0,0
HCG27,0,0,0,0,0,0
HCP5,0,1,1,0,0,0
HEXA-AS1,0,1,0,0,0,0
HHLA3,0,1,0,0,0,0
HLA-F-AS1,0,0,0,0,0,0
HMGN3-AS1,0,0,0,0,0,0
HOTAIR,0,0,0,0,0,0
HOTAIRM1,0,0,0,0,0,0
HOXA-AS2,0,1,0,0,0,0
HOXA10-AS,0,0,0,0,0,0
HOXB-AS1,0,0,0,0,0,0
HOXC13-AS,1,0,0,0,0,0
HOXD-AS2,0,0,0,0,0,0
IGFBP7-AS1,0,0,0,0,0,0
ILF3-AS1,0,0,0,0,0,0
INE1,0,0,0,0,0,0
INTS6-AS1,0,0,0,0,0,0
IQCH-AS1,0,0,1,0,0,0
ITGA9-AS1,0,1,1,0,1,0
ITGB2-AS1,0,0,0,0,0,0
JHDM1D-AS1,1,1,1,0,0,0
JPX,0,0,0,0,0,0
KANSL1-AS1,0,0,0,0,0,0
KB-1460A1.5,0,1,1,0,0,0
KB-1562D12.1,0,0,0,0,0,0
KB-1732A1.1,0,1,1,0,0,0
KB-318B8.7,0,0,1,0,0,0
KC6,1,1,1,1,1,1
KCNJ2-AS1,0,0,0,0,0,0
KCNMB2-AS1,0,0,0,0,0,0
KCNQ1OT1,0,0,1,0,0,0
KCTD21-AS1,0,0,0,0,0,0
KIAA1614-AS1,0,1,0,0,0,0
KIF9-AS1,0,1,1,0,0,0
KLF3-AS1,1,1,1,0,0,0
KLF7-IT1,0,1,1,0,1,0
KLHL7-AS1,0,0,0,0,0,0
KMT2E-AS1,0,0,0,0,0,0
KRTAP5-AS1,0,0,1,0,0,0
KTN1-AS1,0,0,0,0,0,0
LA16c-313D11.12,0,1,0,1,0,0
LAMTOR5-AS1,0,0,0,0,0,0
LBX2-AS1,0,1,1,0,0,0
LENG8-AS1,0,0,0,0,0,0
LHFPL3-AS1,0,1,1,0,0,0
LIFR-AS1,0,0,1,0,1,0
LINC-PINT,1,0,0,0,0,0
LINC00106,0,0,0,0,0,0
LINC00115,0,0,0,0,0,0
LINC00152,0,1,1,1,1,0
LINC00173,0,0,1,0,0,0
LINC00174,0,0,0,0,0,0
LINC00205,0,0,0,0,0,0
LINC00240,0,0,0,0,0,0
LINC00265,0,0,0,0,0,0
LINC00278,0,0,0,0,0,0
LINC00299,0,0,0,0,0,0
LINC00310,0,0,0,0,0,0
LINC00313,0,1,0,1,0,0
LINC00319,0,0,1,0,0,0
LINC00324,0,0,0,0,0,0
LINC00327,0,1,1,1,1,0
LINC00339,0,0,0,0,0,0
LINC00342,1,0,1,0,0,0
LINC00346,0,1,1,0,0,0
LINC00426,0,0,0,0,0,0
LINC00460,0,1,1,0,0,0
LINC00467,0,0,0,0,0,0
LINC00472,0,1,1,0,0,0
LINC00476,0,0,0,0,0,0
LINC00491,0,0,0,0,0,0
LINC00504,1,1,1,1,1,1
LINC00511,0,0,1,0,0,0
LINC00518,0,0,0,0,0,0
LINC00519,1,1,1,0,0,0
LINC00520,0,0,1,0,0,0
LINC00526,0,0,0,0,0,0
LINC00571,0,0,0,0,0,0
LINC00592,0,0,0,0,0,0
LINC00630,0,0,0,0,0,0
LINC00638,0,0,0,0,0,0
LINC00639,0,1,1,0,0,0
LINC00640,0,1,1,1,0,0
LINC00641,0,0,0,0,0,0
LINC00649,0,0,0,0,0,0
LINC00654,0,0,0,0,0,0
LINC00662,0,0,0,0,0,0
LINC00665,0,0,0,0,0,0
LINC00667,0,0,0,0,0,0
LINC00668,0,0,0,0,0,0
LINC00702,0,0,1,0,0,0
LINC00704,0,0,1,0,0,0
LINC00707,1,1,1,1,1,1
LINC00839,0,0,0,0,0,0
LINC00847,0,0,0,0,0,0
LINC00852,0,0,0,0,0,0
LINC00856,0,0,1,0,1,0
LINC00861,0,0,0,0,0,0
LINC00863,0,0,0,0,0,0
LINC00865,0,0,0,0,0,0
LINC00885,0,1,1,1,1,0
LINC00886,0,0,0,0,0,0
LINC00893,1,1,1,0,0,0
LINC00894,1,0,1,0,0,0
LINC00899,0,0,1,0,1,0
LINC00900,0,1,0,1,0,0
LINC00909,0,0,0,0,0,0
LINC00910,0,0,0,0,0,0
LINC00920,1,0,1,0,0,0
LINC00926,0,0,0,0,0,0
LINC00936,0,0,0,0,0,0
LINC00941,0,1,1,0,1,0
LINC00944,0,0,1,0,0,0
LINC00957,0,0,0,0,0,0
LINC00958,0,0,0,0,0,0
LINC00960,0,0,0,0,0,0
LINC00963,0,0,0,0,0,0
LINC00964,0,0,0,0,0,0
LINC00968,0,0,1,0,0,0
LINC00969,0,0,1,0,0,0
LINC00987,0,0,0,0,0,0
LINC00992,0,0,1,0,1,0
LINC00996,0,1,1,0,0,0
LINC01001,0,0,0,0,0,0
LINC01003,0,0,0,0,0,0
LINC01004,0,0,0,0,0,0
LINC01010,0,0,0,0,0,0
LINC01011,0,0,1,0,0,0
LINC01018,0,0,1,0,1,0
LINC01024,0,0,0,0,0,0
LINC01089,0,0,1,0,0,0
LINC01091,1,1,1,0,0,0
LINC01094,0,0,1,0,0,0
LINC01106,0,1,1,1,0,0
LINC01116,0,0,1,0,0,0
LINC01117,0,0,0,0,0,0
LINC01123,0,1,0,0,0,0
LINC01128,0,0,1,0,0,0
LINC01132,0,1,1,0,0,0
LINC01133,1,1,1,1,1,1
LINC01137,1,0,1,0,0,0
LINC01139,0,0,0,0,0,0
LINC01160,0,0,0,0,1,0
LINC01181,1,1,1,1,1,1
LINC01184,0,0,0,0,0,0
LINC01206,1,1,1,1,1,1
LINC01214,1,1,1,1,1,1
LINC01235,0,0,0,0,0,0
LINC01269,1,1,1,1,1,1
LINC01270,0,1,1,0,0,0
LINC01272,1,1,1,0,0,0
LINC01278,0,0,0,0,0,0
LINC01290,0,1,1,0,1,0
LINC01311,0,0,0,0,0,0
LINC01315,0,1,1,1,1,0
LINC01322,0,0,0,0,0,0
LINC01341,0,0,1,0,0,0
LINC01355,0,0,1,0,0,0
LINC01359,1,1,1,0,0,0
LINC01376,1,0,0,0,0,0
LINC01410,0,0,0,0,0,0
LINC01415,0,1,0,0,0,0
LINC01422,1,1,1,0,0,0
LINC01426,0,0,1,0,0,0
LINC01436,0,0,0,0,0,0
LINC01468,0,0,1,0,0,0
LINC01473,1,1,1,0,0,0
LINC01481,0,0,0,0,0,0
LINC01503,0,1,0,0,0,0
LINC01504,0,0,0,0,0,0
LINC01515,1,1,1,0,0,0
LINC01518,1,1,1,0,0,0
LINC01521,1,1,1,0,0,0
LINC01534,0,0,1,0,0,0
LINC01547,0,0,0,0,0,0
LINC01550,0,1,0,0,0,0
LINC01554,1,1,1,1,1,1
LINC01559,1,1,1,1,1,1
LINC01560,0,0,0,0,0,0
LINC01572,0,1,0,1,0,0
LINC01578,1,0,0,0,1,0
LINC01588,0,1,1,0,0,0
LINC01605,1,1,1,0,0,0
LINC01612,0,0,1,0,1,0
LINC01615,0,1,1,0,0,0
LINC01619,0,0,0,0,0,0
LIPE-AS1,1,0,1,0,0,0
LL0XNC01-237H1.2,0,0,0,0,0,0
LL0XNC01-7P3.1,0,0,0,0,0,0
LL22NC03-86G7.1,0,0,0,0,0,0
LMCD1-AS1,0,0,1,0,0,0
LOXL1-AS1,0,0,0,0,0,0
LPP-AS2,0,0,0,0,0,0
LRRC75A-AS1,0,0,0,0,0,0
LUCAT1,0,1,1,0,0,0
MAFG-AS1,0,0,0,0,0,0
MAFTRR,0,1,1,0,0,0
MAGI1-IT1,1,1,1,0,0,0
MAGI2-AS3,1,1,1,0,0,0
MALAT1,0,0,0,0,0,0
MANEA-AS1,1,1,1,0,0,0
MAP3K14-AS1,1,1,1,0,0,0
MAPKAPK5-AS1,0,0,0,0,0,0
MATN1-AS1,0,0,0,0,0,0
MBNL1-AS1,0,0,0,0,0,0
MCM3AP-AS1,0,0,0,0,0,0
MEG3,1,1,1,0,0,0
MEG8,1,1,0,0,0,0
MFI2-AS1,0,1,0,0,0,0
MGC16275,0,0,0,0,0,0
MIAT,0,1,0,0,0,0
MIATNB,0,0,0,0,0,0
MIF-AS1,0,0,0,0,0,0
MINCR,0,0,1,0,1,0
MIR100HG,1,1,1,0,0,0
MIR142,0,0,1,0,0,0
MIR155HG,0,1,1,0,0,0
MIR17HG,0,0,0,0,0,0
MIR181A1HG,0,1,1,1,1,0
MIR193BHG,0,0,0,0,0,0
MIR205HG,0,0,1,0,0,0
MIR210HG,0,0,0,0,0,0
MIR2117HG,0,0,0,0,0,0
MIR222HG,1,0,0,0,0,0
MIR22HG,0,0,1,0,0,0
MIR24-2,0,0,0,0,0,0
MIR29A,0,0,1,0,1,0
MIR3142HG,0,0,0,0,0,0
MIR31HG,1,1,1,0,0,0
MIR3945HG,1,1,1,0,0,0
MIR4435-2HG,0,1,1,1,1,0
MIR4453,0,0,0,0,0,0
MIR4458HG,0,0,0,0,0,0
MIR497HG,0,1,1,1,0,0
MIR503HG,0,1,1,1,0,0
MIR568,1,1,1,0,0,0
MIR600HG,0,1,1,1,1,0
MIR646HG,0,0,0,0,0,0
MIR663AHG,0,0,0,0,0,0
MIR762HG,1,1,1,0,0,0
MIR99AHG,1,1,1,0,0,0
MIRLET7BHG,0,0,0,0,0,0
MKLN1-AS,0,0,1,0,0,0
MLIP-IT1,0,1,0,0,0,0
MMP25-AS1,0,0,0,0,0,0
MSC-AS1,0,0,0,0,0,0
MYLK-AS1,0,0,0,0,0,0
MZF1-AS1,0,1,0,1,0,0
NAPA-AS1,0,1,0,0,0,0
NBR2,0,0,0,0,0,0
NCK1-AS1,0,1,1,0,0,0
NDUFA6-AS1,0,1,1,1,1,0
NDUFV2-AS1,0,0,0,0,0,0
NEAT1,0,0,0,0,0,0
NFYC-AS1,0,0,0,0,0,0
NIFK-AS1,0,0,0,0,0,0
NNT-AS1,0,0,1,0,0,0
NOP14-AS1,1,1,1,0,0,0
NORAD,0,0,0,0,0,0
NR2F1-AS1,0,0,0,0,0,0
NR2F2-AS1,0,1,1,0,0,0
NRAV,0,1,1,0,0,0
NRSN2-AS1,0,0,0,0,0,0
NUP50-AS1,0,0,1,0,0,0
NUTM2A-AS1,0,0,0,0,0,0
NUTM2B-AS1,0,0,0,0,0,0
OGFRP1,1,1,1,0,0,0
OIP5-AS1,0,0,0,0,0,0
OLMALINC,0,0,0,0,0,0
OR2A1-AS1,0,0,0,0,0,0
OSER1-AS1,0,0,1,0,0,0
OSMR-AS1,0,0,0,0,0,0
OTUD6B-AS1,0,0,0,0,0,0
OVOL1-AS1,0,1,1,1,1,0
PAN3-AS1,0,0,0,0,0,0
PARD6G-AS1,0,0,0,0,0,0
PART1,0,0,0,0,0,0
PAX8-AS1,0,0,0,0,0,0
PAXBP1-AS1,0,0,0,0,0,0
PAXIP1-AS1,0,0,0,0,0,0
PAXIP1-AS2,0,0,0,0,0,0
PCAT1,0,0,0,0,0,0
PCAT19,0,0,0,0,0,0
PCAT6,0,0,0,0,0,0
PCAT7,0,1,0,0,0,0
PCBP1-AS1,0,0,1,0,0,0
PCED1B-AS1,0,0,1,0,0,0
PDCD4-AS1,0,1,1,0,0,0
PDXDC2P,0,0,1,0,0,0
PINK1-AS,0,0,0,0,0,0
PITPNA-AS1,0,0,0,0,0,0
PKI55,0,1,0,0,0,0
PLBD1-AS1,1,0,0,1,0,0
POLR2J4,0,0,0,0,0,0
PP7080,0,1,0,0,0,0
PPP1R26-AS1,0,1,0,0,0,0
PPP3CB-AS1,0,0,0,0,0,0
PRKAR2A-AS1,1,1,0,0,0,0
PRKCQ-AS1,1,1,1,0,1,0
PRR34-AS1,0,0,0,0,0,0
PRRT3-AS1,0,0,0,0,0,0
PSMA3-AS1,1,0,0,0,0,0
PSMB8-AS1,0,1,1,0,0,0
PSMD6-AS2,0,1,1,0,0,0
PSMG3-AS1,0,0,1,1,1,0
PTOV1-AS1,0,0,0,0,0,0
PTOV1-AS2,0,0,0,0,0,0
PTPRG-AS1,0,0,0,0,0,0
PVT1,0,1,1,1,0,0
PXN-AS1,0,0,0,0,1,0
PYCARD-AS1,1,0,1,0,0,0
RAB11B-AS1,0,0,0,0,0,0
RAB30-AS1,0,0,0,0,0,0
RAD51-AS1,0,0,1,0,0,0
RAMP2-AS1,0,0,1,0,1,0
RAP2C-AS1,1,0,1,0,0,0
RARA-AS1,0,0,1,0,0,0
RASAL2-AS1,0,0,0,0,0,0
RASSF8-AS1,0,0,0,0,0,0
RBM26-AS1,0,0,1,0,0,0
RFX3-AS1,0,0,1,0,0,0
RGS5,0,0,0,0,0,0
RHOXF1-AS1,0,0,0,0,1,0
RMRP,1,0,0,0,0,0
RNASEH1-AS1,0,0,0,0,0,0
RNF139-AS1,1,0,1,0,0,0
RNF144A-AS1,0,1,1,0,1,0
RNF216P1,0,1,1,0,0,0
RNF217-AS1,0,0,0,0,0,0
RNU11,0,0,0,1,0,0
RNU12,0,0,0,0,0,0
RP1-102E24.8,0,0,1,0,0,0
RP1-151F17.2,0,0,0,0,0,0
RP1-178F15.4,0,0,0,0,0,0
RP1-191J18.66,1,1,1,0,1,0
RP1-197B17.3,0,0,0,0,0,0
RP1-206D15.6,0,0,0,0,0,0
RP1-228H13.5,0,1,1,0,0,0
RP1-232P20.1,1,1,1,1,1,1
RP1-239B22.5,0,0,0,0,0,0
RP1-257A7.4,0,0,0,0,0,0
RP1-261D10.2,0,0,1,0,0,0
RP1-272L16.1,1,1,1,1,1,1
RP1-27K12.4,0,0,1,0,1,0
RP1-283E3.8,0,0,0,0,0,0
RP1-29C18.8,0,0,0,0,0,0
RP1-30M3.5,0,0,0,0,0,0
RP1-39G22.7,0,0,0,0,0,0
RP1-68D18.2,1,0,0,0,0,0
RP1-69D17.4,0,0,0,0,0,0
RP1-79C4.4,0,0,0,0,0,0
RP1-80N2.3,0,0,0,0,0,0
RP11-1006G14.4,0,1,1,0,0,0
RP11-1007O24.3,0,0,0,0,0,0
RP11-1017G21.5,0,0,0,0,0,0
RP11-1020A11.2,0,0,1,0,0,0
RP11-1024P17.1,0,0,0,0,0,0
RP11-1038A11.3,0,0,0,0,0,0
RP11-1055B8.4,0,0,1,0,0,0
RP11-1060J15.4,0,0,0,0,0,0
RP11-1069G10.1,0,0,1,0,0,0
RP11-1081L13.4,1,1,1,1,1,1
RP11-108K3.1,0,1,1,0,0,0
RP11-108M9.4,0,0,0,0,0,0
RP11-1094H24.4,0,0,0,0,0,0
RP11-1094M14.11,0,1,1,0,0,0
RP11-109J4.1,1,0,1,0,0,0
RP11-10C24.3,0,0,1,0,0,0
RP11-10L12.4,0,0,0,0,0,0
RP11-110G21.1,0,1,0,0,0,0
RP11-110I1.12,0,0,0,0,0,0
RP11-1112J20.2,1,1,1,1,1,1
RP11-1114A5.4,1,0,1,0,0,0
RP11-111M22.3,1,0,0,0,0,0
RP11-1149O23.3,0,1,1,0,0,0
RP11-114H23.1,0,0,0,0,0,0
RP11-115C21.2,0,1,1,0,0,0
RP11-115H15.2,1,0,1,0,0,0
RP11-116G8.5,1,0,0,1,0,0
RP11-119F7.5,0,0,0,0,0,0
RP11-119J18.1,0,1,1,0,0,0
RP11-120D5.1,0,1,1,0,0,0
RP11-121C2.2,0,0,0,0,0,0
RP11-122K13.12,0,0,0,0,0,0
RP11-1246C19.1,0,0,0,0,0,0
RP11-1260E13.4,0,1,1,1,1,0
RP11-1275H24.1,0,0,0,0,0,0
RP11-1275H24.3,0,0,0,0,0,0
RP11-1277A3.1,0,0,0,0,0,0
RP11-1299A16.3,0,1,1,0,0,0
RP11-130F10.1,0,0,1,0,0,0
RP11-132A1.4,0,1,1,0,0,0
RP11-134G8.10,1,0,1,0,0,0
RP11-134L10.1,0,0,1,0,0,0
RP11-138A9.1,1,0,0,0,1,0
RP11-138I1.4,1,0,1,0,0,0
RP11-140K17.3,0,0,0,0,0,0
RP11-145A3.1,0,1,1,0,0,0
RP11-14N7.2,0,0,0,0,0,0
RP11-152N13.16,0,0,0,0,0,0
RP11-156E6.1,1,0,0,0,1,0
RP11-156P1.3,0,0,0,0,0,0
RP11-157P1.4,0,0,0,0,0,0
RP11-158H5.7,0,0,1,0,0,0
RP11-158K1.3,0,1,1,0,0,0
RP11-159D12.2,0,0,0,0,0,0
RP11-159F24.5,0,0,0,0,0,0
RP11-159F24.6,0,0,1,0,0,0
RP11-160E2.6,0,1,1,0,0,0
RP11-161I6.2,0,1,0,0,0,0
RP11-161M6.2,0,1,1,0,1,0
RP11-162A12.2,0,0,0,0,0,0
RP11-164P12.3,0,0,0,0,0,0
RP11-166B2.3,0,0,0,0,0,0
RP11-166P13.3,0,0,1,0,1,0
RP11-16C1.2,0,0,0,0,0,0
RP11-16E18.3,0,0,0,0,0,0
RP11-171I2.2,0,0,0,0,0,0
RP11-173A16.2,1,1,1,0,0,0
RP11-174G6.5,0,0,0,0,0,0
RP11-175K6.1,0,1,1,0,0,0
RP11-182L21.6,0,0,0,0,0,0
RP11-18H21.1,1,0,1,0,0,0
RP11-18H7.1,0,0,0,0,0,0
RP11-191L9.4,0,0,0,0,0,0
RP11-195F19.9,0,1,1,0,0,0
RP11-1D12.1,0,0,0,0,0,0
RP11-206L10.9,0,0,0,0,0,0
RP11-20D14.6,0,0,0,0,0,0
RP11-20G13.1,0,0,0,0,0,0
RP11-212I21.4,1,0,0,0,0,0
RP11-212P7.2,0,0,0,0,0,0
RP11-214O1.2,0,1,1,0,0,0
RP11-216L13.19,0,0,0,0,0,0
RP11-218E20.3,1,1,1,0,0,0
RP11-218F10.3,1,0,1,0,0,0
RP11-218M22.1,0,0,0,0,0,0
RP11-21B23.2,0,0,1,0,0,0
RP11-21L23.2,0,1,1,1,1,0
RP11-221N13.3,0,0,1,0,0,0
RP11-228B15.4,0,0,0,0,0,0
RP11-22C11.2,0,0,0,0,0,0
RP11-22H5.2,0,0,0,0,0,0
RP11-231D20.2,1,0,1,0,0,0
RP11-235E17.6,0,0,0,0,0,0
RP11-23J9.5,1,0,1,0,0,0
RP11-242D8.1,0,0,1,0,0,0
RP11-244M2.1,0,0,0,0,0,0
RP11-244O19.1,0,0,0,0,0,0
RP11-247L20.4,0,0,0,0,0,0
RP11-248J18.2,0,0,0,0,0,0
RP11-248J18.3,0,0,0,0,0,0
RP11-251G23.5,0,0,0,0,0,0
RP11-253E3.3,0,1,1,0,0,0
RP11-254F7.2,0,0,1,0,0,0
RP11-255H23.4,1,1,1,1,1,1
RP11-256L6.3,1,1,1,1,1,1
RP11-259N19.1,1,1,1,0,0,0
RP11-259O2.1,0,0,0,0,0,0
RP11-25K19.1,0,1,1,0,0,0
RP11-260M2.1,1,0,1,0,0,0
RP11-262H14.3,0,0,0,0,0,0
RP11-262H14.4,0,0,0,0,0,0
RP11-266K4.9,0,0,0,0,0,0
RP11-266L9.5,0,1,1,1,1,0
RP11-269F19.2,0,0,0,0,0,0
RP11-26J3.3,0,0,0,0,0,0
RP11-26L20.3,0,0,1,0,1,0
RP11-273G15.2,0,0,0,0,0,0
RP11-274B21.14,0,0,0,0,0,0
RP11-275I14.4,1,1,1,1,1,1
RP11-276H19.2,0,0,0,0,0,0
RP11-276H7.2,1,0,1,0,0,0
RP11-277P12.20,1,0,1,0,0,0
RP11-278A23.1,0,0,0,0,0,0
RP11-27M24.2,0,1,1,0,1,0
RP11-282K24.3,1,0,0,0,0,0
RP11-283I3.6,1,1,1,0,0,0
RP11-284F21.10,0,0,0,0,0,0
RP11-284N8.3,0,0,0,0,0,0
RP11-290D2.6,1,0,1,1,0,0
RP11-290F5.1,0,0,0,0,0,0
RP11-291B21.2,0,0,0,0,0,0
RP11-293M10.6,0,0,0,0,0,0
RP11-295D4.1,0,1,1,0,0,0
RP11-295G20.2,0,0,0,0,0,0
RP11-295P9.3,1,1,1,0,0,0
RP11-296O14.3,0,0,0,0,0,0
RP11-297D21.4,0,0,0,0,0,0
RP11-297P16.4,0,0,1,0,0,0
RP11-298I3.4,0,0,0,0,0,0
RP11-299H21.1,0,1,0,0,0,0
RP11-299J3.8,0,0,1,0,0,0
RP11-29G8.3,1,0,0,0,0,0
RP11-2B6.2,0,0,0,0,0,0
RP11-303E16.2,1,1,1,0,0,0
RP11-304F15.3,0,0,1,0,0,0
RP11-304F15.7,0,0,1,0,0,0
RP11-304L19.1,0,0,0,0,0,0
RP11-305E6.4,0,0,0,0,0,0
RP11-305K5.1,0,0,0,0,0,0
RP11-305L7.7,0,0,1,0,0,0
RP11-305O6.3,0,0,1,0,0,0
RP11-307C12.11,0,0,1,0,1,0
RP11-307C12.12,0,0,0,0,1,0
RP11-30P6.6,0,1,1,0,1,0
RP11-311F12.1,0,0,0,0,0,0
RP11-317N8.5,1,1,1,0,0,0
RP11-319G6.1,0,0,0,0,0,0
RP11-31F19.1,0,0,0,0,0,0
RP11-321G12.1,0,1,1,0,1,0
RP11-324I22.4,0,0,0,0,0,0
RP11-325F22.2,0,0,0,0,0,0
RP11-325K4.3,0,0,0,0,0,0
RP11-326C3.2,0,0,0,0,0,0
RP11-326I11.3,0,0,0,0,0,0
RP11-326K13.4,0,1,1,1,0,0
RP11-327F22.6,0,0,0,0,0,0
RP11-327P2.5,0,0,0,0,0,0
RP11-332H14.2,0,1,0,0,0,0
RP11-332M2.1,0,1,1,1,1,0
RP11-333E1.1,0,0,1,0,0,0
RP11-334C17.5,0,0,1,0,0,0
RP11-337C18.8,0,0,0,0,0,0
RP11-342K6.1,1,0,0,0,0,0
RP11-342M1.3,0,0,0,0,0,0
RP11-343L5.2,0,0,0,0,0,0
RP11-344B5.2,0,1,1,0,1,0
RP11-344N10.5,0,0,0,0,0,0
RP11-345P4.9,0,0,0,0,0,0
RP11-347C18.3,0,0,0,0,0,0
RP11-348P10.2,0,0,0,0,0,0
RP11-34P13.13,0,0,0,0,0,0
RP11-350F16.1,0,0,1,0,1,0
RP11-350J20.12,1,1,1,1,1,1
RP11-351D16.3,0,0,0,0,0,0
RP11-352M15.2,0,1,0,0,0,0
RP11-355B11.2,0,0,0,0,0,0
RP11-355F16.1,0,0,0,0,0,0
RP11-355O1.11,0,0,0,0,0,0
RP11-356I2.4,0,1,0,0,0,0
RP11-356J5.12,0,0,0,0,0,0
RP11-359B12.2,0,0,0,0,0,0
RP11-359E3.4,0,0,0,0,0,0
RP11-35G9.3,0,0,0,0,0,0
RP11-363E6.3,1,1,1,0,0,0
RP11-363E7.4,1,0,1,0,0,0
RP11-365O16.6,0,1,1,1,1,0
RP11-367F23.2,1,1,1,1,1,1
RP11-367G18.1,0,0,0,0,0,0
RP11-368L12.1,1,1,1,1,1,1
RP11-370I10.12,0,0,0,0,0,0
RP11-372M18.2,0,0,1,0,0,0
RP11-373D23.2,0,0,0,0,0,0
RP11-378A13.1,0,0,0,0,0,0
RP11-378J18.8,0,0,0,0,0,0
RP11-379B18.5,0,0,0,0,0,0
RP11-379B8.1,0,0,0,0,0,0
RP11-379F4.4,0,1,1,0,0,0
RP11-379H18.1,0,0,0,0,0,0
RP11-37B2.1,0,0,0,0,0,0
RP11-380J14.1,0,0,1,0,0,0
RP11-381K20.2,0,0,0,0,0,0
RP11-384L8.1,0,1,0,1,1,0
RP11-386B13.4,1,1,1,1,1,1
RP11-389C8.2,0,0,0,0,0,0
RP11-38L15.3,0,0,0,0,0,0
RP11-390E23.6,0,0,0,0,0,0
RP11-390F4.3,0,0,0,0,0,0
RP11-390P2.4,0,0,1,0,0,0
RP11-392P7.6,0,0,0,0,0,0
RP11-395A13.2,0,0,0,0,0,0
RP11-395I6.3,1,1,1,0,0,0
RP11-398K22.12,0,0,1,0,0,0
RP11-399O19.9,1,0,0,0,0,0
RP11-400F19.18,0,0,0,0,0,0
RP11-400F19.6,0,0,1,0,0,0
RP11-400K9.4,0,0,0,0,0,0
RP11-400N13.3,0,0,1,0,0,0
RP11-404P21.5,0,0,0,0,0,0
RP11-405O10.2,0,0,0,0,0,0
RP11-407B7.1,1,0,0,0,0,0
RP11-411K7.1,1,1,1,1,1,1
RP11-418J17.1,0,0,0,0,0,0
RP11-420A23.1,0,1,1,1,0,0
RP11-420L9.5,0,1,1,0,0,0
RP11-421E14.2,0,0,0,0,0,0
RP11-421L21.3,0,0,0,0,0,0
RP11-423H2.3,0,0,0,0,0,0
RP11-423P10.2,0,0,0,0,0,0
RP11-426C22.4,0,0,1,0,1,0
RP11-428J1.5,0,0,0,0,0,0
RP11-430H10.2,1,0,1,0,0,0
RP11-432J22.2,0,1,1,0,0,0
RP11-434P11.2,0,0,0,0,0,0
RP11-439E19.10,0,0,1,0,0,0
RP11-440D17.3,0,0,0,0,0,0
RP11-440L14.1,0,0,0,0,0,0
RP11-441O15.3,0,0,0,0,0,0
RP11-443B20.1,0,1,1,1,0,0
RP11-446N19.1,0,1,0,0,0,0
RP11-448A19.1,0,0,0,0,0,0
RP11-448G15.3,0,0,0,0,0,0
RP11-449P15.2,0,0,1,0,1,0
RP11-44F14.2,1,0,1,0,0,0
RP11-44F14.8,0,0,0,0,0,0
RP11-44F21.5,0,0,0,0,0,0
RP11-44N11.1,1,0,0,0,0,0
RP11-44N21.1,0,0,0,0,0,0
RP11-452L6.1,0,0,0,0,0,0
RP11-452L6.5,0,0,0,0,0,0
RP11-455F5.3,1,0,0,0,0,0
RP11-456K23.1,0,0,0,0,0,0
RP11-458D21.1,0,0,0,0,0,0
RP11-458F8.4,0,0,0,0,0,0
RP11-459E5.1,0,1,1,1,1,0
RP11-462G2.1,1,1,1,1,1,1
RP11-462L8.1,0,1,1,0,0,0
RP11-465B22.8,0,0,0,0,0,0
RP11-465N4.4,1,1,1,0,0,0
RP11-46A10.5,0,0,0,0,0,0
RP11-46C24.7,0,0,0,0,0,0
RP11-46D6.1,0,1,0,0,0,0
RP11-473I1.9,0,0,1,0,0,0
RP11-473M20.16,0,0,1,0,0,0
RP11-473M20.9,0,0,0,0,0,0
RP11-474O21.5,0,0,0,0,0,0
RP11-475O6.1,0,1,1,0,0,0
RP11-477D19.2,1,0,1,0,0,0
RP11-47I22.2,0,1,1,0,1,0
RP11-481J2.2,0,0,1,0,1,0
RP11-485M7.3,1,1,1,1,1,1
RP11-486L19.2,0,0,0,0,0,0
RP11-488C13.5,0,0,1,0,0,0
RP11-488I20.8,0,0,0,0,0,0
RP11-488L18.10,0,0,0,0,0,0
RP11-490M8.1,0,0,0,0,0,0
RP11-494M8.4,1,1,1,0,0,0
RP11-496I9.1,0,0,1,0,0,0
RP11-497E19.1,0,0,0,0,0,0
RP11-498C9.15,0,0,0,0,0,0
RP11-498E2.9,0,1,1,0,0,0
RP11-499P20.2,0,0,1,0,0,0
RP11-49I11.1,0,0,0,0,0,0
RP11-4O1.2,0,0,0,0,0,0
RP11-500C11.3,1,1,1,0,0,0
RP11-503E24.2,1,0,0,0,0,0
RP11-508N22.12,0,0,1,0,0,0
RP11-513I15.6,0,1,1,0,0,0
RP11-513M16.8,1,1,1,0,0,0
RP11-517B11.7,0,0,1,0,0,0
RP11-517C16.2,1,1,1,1,1,0
RP11-519G16.3,0,0,0,0,0,0
RP11-521B24.3,0,0,0,0,0,0
RP11-521D12.5,0,1,1,0,0,0
RP11-521I2.3,0,0,0,0,0,0
RP11-522I20.3,0,0,0,0,0,0
RP11-524H19.2,0,0,1,0,0,0
RP11-526I2.5,0,1,0,0,0,0
RP11-527N22.2,1,1,1,0,0,0
RP11-529K1.2,0,0,0,0,0,0
RP11-52A20.2,0,0,0,0,0,0
RP11-531A24.5,0,0,0,0,0,0
RP11-532F12.5,0,0,0,0,0,0
RP11-536K7.3,0,0,0,0,0,0
RP11-539L10.3,0,0,0,0,0,0
RP11-53O19.1,1,1,1,0,0,0
RP11-53O19.3,1,0,1,0,0,0
RP11-540A21.2,1,1,1,0,0,0
RP11-541N10.3,0,0,0,0,0,0
RP11-545E17.3,1,1,1,0,0,0
RP11-545I5.3,1,1,1,0,0,0
RP11-549J18.1,0,1,1,0,0,0
RP11-54A4.2,0,0,0,0,0,0
RP11-54O7.17,0,0,0,0,0,0
RP11-54O7.3,0,0,0,0,0,0
RP11-552M11.8,1,0,1,0,0,0
RP11-553A21.3,0,0,0,0,0,0
RP11-554I8.2,0,1,1,0,1,0
RP11-554J4.1,0,0,0,0,0,0
RP11-557H15.3,1,1,1,1,1,1
RP11-557H15.4,0,0,0,1,0,0
RP11-563J2.2,0,0,0,0,0,0
RP11-565F19.2,0,0,0,0,0,0
RP11-567M16.1,0,0,0,0,0,0
RP11-567M16.2,0,0,0,0,0,0
RP11-568N6.1,0,1,0,0,0,0
RP11-574K11.29,1,0,0,0,0,0
RP11-57H14.4,0,0,0,0,0,0
RP11-582J16.5,0,0,0,0,0,0
RP11-585P4.5,0,0,0,0,0,0
RP11-588K22.2,0,0,0,0,1,0
RP11-589M4.1,0,0,0,0,0,0
RP11-597D13.9,0,0,0,0,0,0
RP11-5C23.1,0,0,0,0,0,0
RP11-600F24.7,0,0,0,0,0,0
RP11-60A8.1,1,1,1,1,1,1
RP11-610P16.1,0,0,1,0,0,0
RP11-611O2.5,1,1,1,0,0,0
RP11-612B6.2,1,1,1,0,0,0
RP11-613M10.6,0,0,0,0,0,0
RP11-617F23.1,0,1,1,0,0,0
RP11-61I13.3,0,0,0,0,0,0
RP11-61L19.1,0,0,1,0,0,0
RP11-620J15.3,0,0,0,0,0,0
RP11-624L4.1,0,1,1,0,0,0
RP11-631N16.2,0,0,0,0,0,0
RP11-635N19.3,0,0,0,0,0,0
RP11-644F5.11,0,0,0,0,0,0
RP11-649A18.12,0,0,1,0,0,0
RP11-65L3.2,0,0,0,0,0,0
RP11-65L3.4,0,0,0,0,0,0
RP11-660L16.2,0,0,0,0,1,0
RP11-661A12.7,1,0,1,0,0,0
RP11-666A20.4,0,0,0,0,1,0
RP11-66B24.4,0,0,0,0,0,0
RP11-66N24.3,0,1,1,0,0,0
RP11-66N24.4,0,0,0,0,0,0
RP11-677M14.7,0,0,0,0,0,0
RP11-67L2.2,0,0,0,0,0,0
RP11-680F8.4,0,0,0,0,0,0
RP11-685N10.1,0,0,0,0,0,0
RP11-686D22.8,0,0,0,0,0,0
RP11-690D19.3,1,1,1,0,0,0
RP11-696N14.1,0,1,0,0,0,0
RP11-6N17.4,0,0,0,0,0,0
RP11-701H24.4,0,0,0,0,0,0
RP11-705C15.3,0,0,0,0,0,0
RP11-708J19.1,0,0,0,0,0,0
RP11-70C1.1,0,0,0,0,0,0
RP11-712B9.2,0,0,0,0,0,0
RP11-712P20.2,0,1,0,0,0,0
RP11-722E23.2,1,1,1,0,0,0
RP11-727A23.5,0,0,0,0,0,0
RP11-727F15.12,0,0,0,0,0,0
RP11-731C17.2,0,0,0,0,0,0
RP11-731D1.4,0,0,1,0,0,0
RP11-733O18.1,0,0,0,0,0,0
RP11-734K21.5,0,0,0,0,1,0
RP11-736K20.5,0,1,1,0,0,0
RP11-73E17.2,0,0,0,0,0,0
RP11-73K9.2,0,0,0,0,0,0
RP11-73M18.6,0,0,0,0,0,0
RP11-73M18.7,0,0,1,0,0,0
RP11-73M18.8,0,0,1,0,0,0
RP11-747H7.3,0,1,1,0,0,0
RP11-750H9.5,0,0,0,0,0,0
RP11-757F18.5,1,1,1,0,0,0
RP11-760H22.2,0,1,1,0,0,0
RP11-767N6.7,0,0,0,0,0,0
RP11-774O3.3,0,1,1,0,1,0
RP11-77H9.2,0,0,0,0,0,0
RP11-77P6.2,0,1,1,0,0,0
RP11-783K16.13,0,0,1,0,0,0
RP11-783K16.5,1,1,1,0,0,0
RP11-785H5.2,0,0,0,0,0,0
RP11-792A8.4,0,0,0,0,1,0
RP11-793H13.11,0,0,0,0,0,0
RP11-795F19.1,0,0,1,0,1,0
RP11-796E2.4,0,0,0,0,0,0
RP11-797A18.6,0,0,0,0,0,0
RP11-798M19.6,0,0,0,0,0,0
RP11-799D4.4,0,1,1,0,0,0
RP11-79H23.3,0,0,0,0,0,0
RP11-7K24.3,1,1,1,1,1,1
RP11-800A3.4,1,0,1,0,0,0
RP11-802E16.3,0,1,1,1,0,0
RP11-804H8.6,0,1,1,0,0,0
RP11-809O17.1,0,1,1,0,0,0
RP11-80I15.4,0,1,1,0,0,0
RP11-815J21.1,0,0,0,0,0,0
RP11-817O13.8,1,0,1,0,0,0
RP11-819C21.1,1,1,1,0,0,0
RP11-829H16.3,0,0,0,0,0,0
RP11-82L18.2,0,1,1,0,0,0
RP11-834C11.4,0,0,1,0,0,0
RP11-83A24.2,0,0,0,0,0,0
RP11-848P1.2,0,0,1,0,0,0
RP11-849H4.4,0,0,0,0,0,0
RP11-861E21.2,0,0,0,0,0,0
RP11-863P13.6,1,1,1,1,1,1
RP11-867G23.8,0,0,0,0,0,0
RP11-875O11.1,0,0,0,0,0,0
RP11-879F14.2,1,0,1,0,0,0
RP11-884K10.7,0,0,0,0,0,0
RP11-888D10.4,1,1,0,0,0,0
RP11-88H9.2,0,1,1,0,0,0
RP11-890B15.3,0,1,0,0,0,0
RP11-902B17.1,0,0,0,0,0,0
RP11-93B14.6,1,1,1,1,1,1
RP11-95D17.1,0,0,0,0,0,0
RP11-968O1.5,0,1,1,1,1,0
RP11-96D1.11,0,1,0,1,0,0
RP11-96H19.1,0,0,0,0,0,0
RP11-96K19.4,0,0,0,0,0,0
RP11-973H7.3,0,0,0,0,0,0
RP11-977G19.11,0,0,0,0,1,0
RP11-977G19.5,0,0,0,0,0,0
RP11-981G7.1,1,0,1,0,0,0
RP11-983P16.4,0,1,1,0,0,0
RP11-98I9.4,0,0,0,0,0,0
RP11-996F15.2,0,1,0,0,0,0
RP13-1032I1.7,0,0,0,0,0,0
RP13-104F24.2,0,1,0,0,0,0
RP13-188A5.1,0,1,0,0,0,0
RP13-216E22.4,0,0,0,0,0,0
RP13-270P17.3,0,0,0,0,0,0
RP13-463N16.6,0,1,1,0,0,0
RP13-516M14.1,0,0,0,0,0,0
RP13-890H12.2,0,1,1,0,0,0
RP3-325F22.5,0,0,1,0,0,0
RP3-329A5.8,0,0,0,0,0,0
RP3-368A4.6,1,0,0,0,0,0
RP3-395M20.12,0,0,1,0,0,0
RP3-395M20.8,0,0,1,0,0,0
RP3-405J10.3,0,0,0,0,0,0
RP3-406A7.7,0,0,0,0,0,0
RP3-428L16.2,0,0,0,0,0,0
RP3-429O6.1,0,0,1,0,0,0
RP3-439F8.1,0,0,0,0,0,0
RP3-467N11.1,0,1,0,0,0,0
RP3-475N16.1,0,0,0,0,0,0
RP3-508I15.21,0,1,1,0,0,0
RP3-508I15.9,0,0,0,0,0,0
RP3-510D11.2,0,0,0,0,0,0
RP3-512B11.3,0,0,1,0,0,0
RP3-522D1.1,0,1,0,0,0,0
RP3-523K23.2,0,0,0,0,1,0
RP4-529N6.2,1,1,1,1,1,1
RP4-541C22.5,0,1,0,1,0,0
RP4-555D20.2,0,0,0,0,0,0
RP4-564F22.5,0,0,0,0,0,0
RP4-591C20.9,0,1,1,0,0,0
RP4-612B15.3,0,0,0,0,0,0
RP4-622L5.7,0,0,1,0,0,0
RP4-639F20.1,0,0,1,0,0,0
RP4-647C14.2,0,0,0,0,0,0
RP4-647J21.1,0,1,1,0,0,0
RP4-657D16.3,0,0,0,0,0,0
RP4-660H19.1,0,0,0,0,0,0
RP4-737E23.2,0,1,1,0,1,0
RP4-756H11.3,0,0,0,0,0,0
RP4-758J18.13,1,1,1,0,0,0
RP4-758J18.2,0,1,1,0,0,0
RP4-773N10.4,0,0,0,0,0,0
RP4-794H19.1,0,1,1,1,1,0
RP4-798A10.2,0,0,0,0,0,0
RP5-1021I20.1,0,0,0,0,0,0
RP5-1028K7.2,0,1,1,0,0,0
RP5-1065J22.8,0,0,0,0,0,0
RP5-1068E13.7,0,0,1,0,0,0
RP5-1074L1.4,1,0,1,0,0,0
RP5-1085F17.3,0,0,0,0,0,0
RP5-1086K13.1,0,0,0,0,0,0
RP5-1092A3.4,0,0,0,0,0,0
RP5-1112D6.7,0,1,0,0,0,0
RP5-1112D6.8,0,1,0,0,0,0
RP5-1126H10.2,0,0,0,0,0,0
RP5-1136G13.2,1,1,1,0,0,0
RP5-1148A21.3,0,0,1,0,0,0
RP5-1158E12.3,0,0,0,0,0,0
RP5-1159O4.1,0,1,0,0,0,0
RP5-1160K1.3,0,1,0,0,0,0
RP5-827C21.4,0,0,0,0,0,0
RP5-864K19.4,0,0,1,0,0,0
RP5-882C2.2,0,0,0,0,0,0
RP5-884C9.2,0,1,1,0,0,0
RP5-884M6.1,1,1,1,0,0,0
RP5-890E16.2,0,0,0,0,0,0
RP5-890O3.9,0,0,0,0,0,0
RP5-894A10.2,0,0,0,0,0,0
RP5-894A10.6,0,0,0,0,0,0
RP5-940J5.9,1,1,1,0,0,0
RP5-968P14.2,0,0,1,0,0,0
RP5-991G20.1,0,1,0,1,0,0
RP6-109B7.5,0,0,0,0,0,0
RP6-65G23.3,0,0,0,0,0,0
RP6-91H8.3,0,0,1,0,0,0
RP6-99M1.3,1,0,0,0,0,0
RPARP-AS1,0,0,0,0,0,0
RPPH1,0,0,1,0,0,0
RRN3P2,0,0,0,0,0,0
RUNDC3A-AS1,0,0,1,0,0,0
RUSC1-AS1,0,0,0,0,0,0
SAP30L-AS1,0,0,0,0,0,0
SATB1-AS1,0,0,0,0,0,0
SBF2-AS1,0,0,0,0,0,0
SCAMP1-AS1,0,1,1,0,0,0
SCARNA15,0,0,0,0,0,0
SCARNA2,0,0,0,0,0,0
SCARNA9,1,1,1,0,0,0
SCGB1B2P,0,0,1,0,0,0
SDCBP2-AS1,0,0,0,0,0,0
SEC24B-AS1,0,0,1,0,0,0
SEMA6A-AS1,1,0,1,0,0,0
SEPT7-AS1,0,0,1,0,0,0
SERPINB9P1,0,0,1,0,0,0
SERTAD4-AS1,0,0,0,0,0,0
SFTA1P,0,0,1,0,0,0
SGMS1-AS1,0,0,0,0,0,0
SH3BP5-AS1,0,1,1,0,0,0
SLC16A1-AS1,0,1,1,1,0,0
SLC25A21-AS1,0,0,1,0,0,0
SLC25A25-AS1,0,0,0,0,0,0
SLC25A5-AS1,0,0,0,0,0,0
SLC2A1-AS1,0,0,0,0,0,0
SLCO4A1-AS1,1,1,1,1,1,1
SMAD5-AS1,0,1,1,0,1,0
SMC5-AS1,0,0,0,0,0,0
SNAI3-AS1,0,0,0,0,0,0
SNHG1,0,1,1,0,0,0
SNHG10,0,0,0,0,0,0
SNHG11,0,1,1,0,0,0
SNHG12,0,1,0,0,0,0
SNHG14,0,1,0,0,0,0
SNHG15,0,1,1,0,1,0
SNHG16,0,1,1,0,0,0
SNHG17,0,1,0,0,0,0
SNHG18,0,0,0,0,0,0
SNHG19,0,0,0,0,0,0
SNHG20,0,0,0,0,0,0
SNHG21,0,0,0,0,0,0
SNHG22,1,0,1,0,0,0
SNHG23,1,1,1,0,0,0
SNHG25,0,0,1,0,0,0
SNHG3,1,1,1,0,0,0
SNHG5,0,0,0,0,0,0
SNHG6,0,1,0,1,0,0
SNHG7,0,1,1,0,0,0
SNHG8,0,0,0,0,0,0
SNHG9,0,0,0,0,0,0
SOCS2-AS1,0,0,0,0,0,0
SOS1-IT1,0,0,0,0,0,0
SOX21-AS1,0,1,1,1,0,0
SOX9-AS1,0,1,1,0,1,0
SP2-AS1,0,0,0,0,0,0
SRP14-AS1,0,0,0,0,0,0
SRRM2-AS1,0,0,0,0,0,0
ST7-AS1,0,0,0,0,0,0
ST7-OT4,0,0,0,0,0,0
STARD7-AS1,0,1,1,0,0,0
STEAP3-AS1,1,0,1,0,0,0
STX17-AS1,0,1,1,1,0,0
STX18-AS1,0,0,1,0,0,0
STXBP5-AS1,0,0,1,0,0,0
SUCLG2-AS1,0,0,1,0,0,0
TAPT1-AS1,0,0,1,0,0,0
TBX5-AS1,0,0,0,0,0,0
TCEB3-AS1,0,1,0,0,0,0
TCONS_00029157,0,1,0,0,0,0
TERC,0,0,0,0,0,0
TEX41,1,1,1,0,0,0
THAP7-AS1,0,0,0,0,0,0
THAP9-AS1,0,1,0,1,0,0
THRB-IT1,1,1,1,0,0,0
THUMPD3-AS1,0,0,0,0,0,0
TMCC1-AS1,0,0,0,0,0,0
TMEM105,0,1,1,0,0,0
TMEM147-AS1,0,0,0,0,0,0
TMEM161B-AS1,0,0,1,0,0,0
TMEM220-AS1,0,1,1,0,0,0
TMEM254-AS1,0,0,1,0,1,0
TMEM44-AS1,0,1,0,0,0,0
TMEM51-AS1,1,1,1,0,0,0
TMEM99,0,1,1,0,1,0
TMEM9B-AS1,0,0,1,0,0,0
TMPO-AS1,1,1,1,1,0,0
TNK2-AS1,0,0,0,1,0,0
TOB1-AS1,0,1,0,1,0,0
TP53TG1,0,0,1,0,0,0
TPRG1-AS1,0,0,0,0,0,0
TPT1-AS1,0,0,0,0,0,0
TRAF3IP2-AS1,0,1,1,0,0,0
TRAM2-AS1,0,0,0,0,0,0
TRHDE-AS1,0,0,1,0,1,0
TRIM52-AS1,0,0,0,0,0,0
TSPOAP1-AS1,0,0,0,0,0,0
TTC28-AS1,1,0,0,0,0,0
TTLL11-IT1,0,1,1,0,0,0
TTN-AS1,0,0,0,0,0,0
TTTY14,0,0,0,0,0,0
U47924.27,0,0,0,0,0,0
U73166.2,0,0,0,0,0,0
U91328.19,0,0,0,0,0,0
UBA6-AS1,0,1,1,1,1,0
UBAC2-AS1,0,0,0,0,0,0
UBL7-AS1,0,0,1,0,0,0
UCA1,0,0,1,0,0,0
UGDH-AS1,0,0,0,0,0,0
UNC5B-AS1,1,1,1,1,1,1
URB1-AS1,0,1,0,0,0,0
USP27X-AS1,0,0,0,0,0,0
USP3-AS1,0,0,0,0,0,0
USP46-AS1,0,0,0,0,0,0
VIM-AS1,0,0,0,0,0,0
VPS9D1-AS1,1,1,1,0,0,0
WAC-AS1,0,0,1,0,1,0
WDFY3-AS2,1,1,1,1,0,0
WEE2-AS1,0,1,1,0,0,0
XIST,0,0,0,0,0,0
XXbac-B476C20.9,1,1,1,0,0,0
XXbac-BPG181B23.7,0,0,0,0,0,0
XXbac-BPG299F13.17,0,0,0,0,0,0
XXbac-BPGBPG55C20.2,1,1,1,0,0,0
ZBED3-AS1,0,0,1,0,1,0
ZBED5-AS1,0,0,0,0,0,0
ZBTB11-AS1,1,1,1,0,0,0
ZEB1-AS1,1,0,0,1,0,0
ZFAS1,0,1,1,0,0,0
ZFPM2-AS1,0,1,1,0,0,0
ZMIZ1-AS1,0,1,1,0,0,0
ZNF213-AS1,0,0,0,0,0,0
ZNF337-AS1,0,1,0,0,0,0
ZNF436-AS1,0,0,0,0,1,0
ZNF503-AS1,0,0,0,0,0,0
ZNF503-AS2,1,1,1,0,0,0
ZNF528-AS1,1,0,0,0,0,0
ZNF529-AS1,0,0,0,0,0,0
ZNF561-AS1,0,0,0,0,0,0
ZNF571-AS1,0,1,1,0,0,0
ZNF667-AS1,0,1,1,0,0,0
ZNF674-AS1,0,1,0,0,0,0
ZNF790-AS1,0,1,1,1,1,0
ZSCAN16-AS1,0,0,0,0,0,0
